"1","https://img2.ch999img.com/pic/product/440x440/20180419165422683.jpg.webp","苹果","5890","12"
"2","https://img2.ch999img.com/pic/product/440x440/20181226203612297.jpg","三星","4200","13"
"3","https://img2.ch999img.com/pic/product/440x440/20181226203657630.jpg.webp","OPPO","3600","14"
"4","https://img2.ch999img.com/pic/product/440x440/20181226203416420.jpg.webp","vivio","4000","15"
"5","https://img2.ch999img.com/pic/product/440x440/20180913062847599.jpg.webp","小米","2100","16"
"6","https://img2.ch999img.com/pic/product/440x440/20181226195408553.jpg.webp","锤子","4900","17"
"7","https://img2.ch999img.com/pic/product/440x440/20181226203359440.jpg.webp","一加","9745","18"
"8","https://img2.ch999img.com/pic/product/440x440/20181226203547764.jpg.webp","荣耀","3245","19"
"9","https://img2.ch999img.com/pic/product/440x440/20181210110410215.jpg.webp","note","6415","20"
"10","https://img2.ch999img.com/pic/product/440x440/2018111609465792.jpg.webp","华硕","8541","21"
"11","https://img2.ch999img.com/pic/product/440x440/20181121100840938.jpg.webp","微软","9741","22"
"12","https://img2.ch999img.com/pic/product/440x440/20180328153429336.jpg.webp","美图","7896","23"
"13","https://img2.ch999img.com/pic/product/440x440/20180823114408657.jpg.webp","摩托罗拉","1450","24"
"14","https://img2.ch999img.com/pic/product/440x440/20180419165422683.jpg.webp","大苏打","5423","25"
